Model,Top-1 Accuracy,Top-5 Accuracy
Geography Aware Model,0.0,4.3478260869565215
MoCo Model,1.760689902982393,12.073302191879266
